Roll, Pitch
90.190147, 90.141235
90.167816, 90.320328
90.111740, 90.237381
90.247787, 90.333122
90.145058, 90.361259
90.238266, 90.300140
90.238251, 90.290039
90.238129, 90.273064
90.089577, 90.332840
90.148109, 90.354294
90.180122, 90.272194
90.180420, 90.269188
90.180450, 90.208809
90.238037, 90.330063
90.228455, 90.360802
90.141922, 90.317909
90.157593, 90.373863
90.173981, 90.343246
90.221962, 90.240044
90.228592, 90.290466
90.228951, 90.193634
90.150467, 90.313095
90.228783, 90.294083
90.228851, 90.216980
90.228561, 90.334068
90.192772, 90.281425
90.063148, 90.293144
90.063820, 90.256721
90.215797, 90.254196
90.144936, 90.206848
90.206291, 90.231331
90.280121, 90.311760
90.280647, 90.235535
90.280060, 90.271294
90.280487, 90.309021
90.251259, 90.386971
90.134689, 90.223358
90.189728, 90.348946
90.190170, 90.208473
90.135582, 90.197578
90.228752, 90.183182
90.228661, 90.283836
90.248055, 90.262978
90.124992, 90.368240
90.196381, 90.275040
90.134880, 90.320999
90.135117, 90.264160
90.151283, 90.260178
90.186584, 90.224892
90.186699, 90.191437
90.090134, 90.188988
90.202614, 90.301376
90.183701, 90.295967
90.212898, 90.315132
90.260818, 90.346191
90.177032, 90.487038
90.270248, 90.295021
90.201996, 90.223122
90.189758, 90.379181
90.170990, 90.239693
90.170883, 90.158981
90.157928, 90.203079
90.157021, 90.238892
90.196228, 90.392342
90.115440, 90.220940
 90.115601, 90.395668
90.115616, 90.305099
90.138710, 90.190613
90.138626, 90.358185
90.296471, 90.200600
90.199242, 90.304710
90.138145, 90.290680
90.138054, 90.280510
90.212723, 90.281387
90.212357, 90.361488
90.211716, 90.347397
90.118584, 90.398743
90.119514, 90.282104
90.216034, 90.234406
90.241249, 90.316475
90.315689, 90.310516
90.222656, 90.334961
90.222313, 90.414986
90.222107, 90.220100
90.112679, 90.345711
90.060913, 90.270561
90.141029, 90.239761
90.141548, 90.357819
90.212547, 90.183701
90.193512, 90.289032
90.196350, 90.382385
90.196144, 90.325142
90.196312, 90.325317
90.219093, 90.260880
90.160713, 90.330025
90.118553, 90.281189
90.119400, 90.231697
90.238449, 90.219810
90.238304, 90.222916
90.234993, 90.320358
90.174210, 90.309959
90.174309, 90.216209
90.231468, 90.367165
90.221725, 90.313705
90.264168, 90.272392
90.267212, 90.258484
90.125244, 90.291222
90.241898, 90.109192
90.205635, 90.388367
90.196846, 90.211922
90.196259, 90.298401
90.196777, 90.184967
90.209526, 90.217781
90.296387, 90.291206
90.195488, 90.422012
90.093620, 90.336662
90.186630, 90.251831
90.222519, 90.271118
90.222351, 90.240662
90.161392, 90.246872
90.160439, 90.346565
90.160797, 90.437408
90.189575, 90.355515
90.196213, 90.321854
90.196007, 90.419014
90.132187, 90.267960
90.092873, 90.383102
90.215363, 90.277107
90.215607, 90.253914
90.099937, 90.249138
90.099373, 90.272087
90.280113, 90.220917
90.244621, 90.323250
90.157516, 90.286537
90.257523, 90.406631
90.232292, 90.227280
90.141273, 90.226593
90.225403, 90.314148
90.225319, 90.267014
90.225601, 90.200256
90.183548, 90.225288
90.183723, 90.272522
90.325211, 90.272758
90.325500, 90.209572
90.190735, 90.202621
90.232140, 90.210236
90.228134, 90.296555
90.228416, 90.246506
90.209175, 90.213867
90.151245, 90.323906
90.173332, 90.245148
90.176712, 90.335945
90.270317, 90.375786
90.209610, 90.268257
90.235054, 90.303642
90.158127, 90.287186
90.199463, 90.291527
90.199501, 90.217644
90.177055, 90.225494
90.161034, 90.243088
90.196327, 90.231300
90.122307, 90.341934
90.180908, 90.330055
90.235184, 90.347435
90.260948, 90.272522
90.183945, 90.242607
90.212624, 90.287971
90.177597, 90.219528
90.212975, 90.224724
90.147354, 90.269623
90.129700, 90.386963
90.091888, 90.318565
90.183914, 90.299561
90.241920, 90.283859
90.218033, 90.286316
90.218369, 90.266556
90.180161, 90.285667
90.125046, 90.291039
90.189888, 90.422859
90.199699, 90.207863
90.222031, 90.377869
90.222328, 90.227180
90.164627, 90.263527
90.206207, 90.274849
90.238419, 90.370781
90.212303, 90.321152
90.179977, 90.339203
90.264313, 90.333031
90.244690, 90.286407
90.235054, 90.276779
90.273277, 90.324860
90.273590, 90.332062
90.160973, 90.310135
90.074142, 90.317253
90.283554, 90.288490
90.086815, 90.316544
90.086792, 90.272919
90.228638, 90.267014
90.121597, 90.314499
90.196320, 90.318619
90.196503, 90.312111
90.196617, 90.282059
90.147804, 90.212982
90.147850, 90.394333
90.147675, 90.243080
90.180954, 90.296631
90.215881, 90.291237
90.215538, 90.223541
90.215744, 90.183517
90.225372, 90.233482
90.177383, 90.313133
90.216103, 90.278114
90.147842, 90.286942
90.157997, 90.333977
90.160797, 90.383774
90.161263, 90.260132
90.147491, 90.293304
90.148438, 90.250671
90.118660, 90.328308
90.118980, 90.254738
90.180496, 90.128235
90.167191, 90.245811
90.173584, 90.319382
90.138222, 90.317612
90.247711, 90.302773
90.247559, 90.258789
90.119576, 90.282166
90.199394, 90.257835
90.199455, 90.288162
90.187065, 90.245697
90.222389, 90.304482
90.222099, 90.344383
90.222160, 90.324326
90.106262, 90.309128
90.173668, 90.265739
90.112213, 90.502991
90.144676, 90.277061
90.192970, 90.291740
90.173622, 90.282478
90.180664, 90.299660
90.180237, 90.215210
90.154411, 90.327072
90.128677, 90.331543
90.128464, 90.244057
90.163971, 90.242592
90.089478, 90.295815
90.283348, 90.294823
90.215424, 90.290634
90.215416, 90.364555
90.187096, 90.228966
90.157669, 90.172485
90.157646, 90.256454
90.186348, 90.281731
90.189812, 90.234833
90.189919, 90.275291
90.157829, 90.216385
90.157875, 90.290276
90.125328, 90.257721
90.125259, 90.220695
90.264023, 90.225029
90.218628, 90.371124
90.270592, 90.201462
90.135078, 90.324524
90.186882, 90.225311
90.196198, 90.187386
90.196701, 90.255333
90.273834, 90.191277
90.273743, 90.328934
90.154602, 90.317184
90.199570, 90.200928
90.174065, 90.366783
90.051666, 90.271317
90.293045, 90.250740
90.128304, 90.287567
90.093338, 90.329750
90.183678, 90.255684
90.193283, 90.302185
90.103020, 90.087639
90.196716, 82.920670
90.185692, 86.794052
89.070389, 98.208305
91.508118, 93.681435
89.777061, 90.232025
90.273567, 90.328659
90.118713, 90.351845
90.115639, 90.254753
90.064537, 90.193626
89.270355, 90.200584
91.978783, 90.207741
90.020866, 90.845222
90.054245, 90.337784
90.054642, 90.045975
90.052864, 90.783722
90.054169, 90.558998
90.022842, 89.977386
90.229523, 90.006767
89.237450, 89.015274
88.877846, 91.487457
88.875755, 93.864151
88.856178, 92.812454
89.671700, 91.076721
89.893158, 89.839531
90.859001, 90.018730
89.687225, 90.929535
90.261711, 90.868896
89.635658, 90.609940
89.634682, 90.116882
90.587196, 89.239868
90.963654, 90.713860
90.277786, 90.822586
91.262787, 91.995453
89.688171, 93.701744
90.406540, 91.236923
90.401924, 93.422302
87.959137, 91.395020
86.529175, 91.696556
89.483330, 90.509941
91.102707, 91.348549
91.159348, 92.415848
92.675522, 92.619110
92.246933, 90.732498
92.284554, 89.748596
92.325661, 90.706383
89.102341, 91.882164
89.449867, 92.845276
89.401016, 92.064934
89.396965, 89.996521
89.419495, 90.631683
89.446640, 90.064102
87.747414, 89.108986
87.795578, 89.552582
85.272026, 90.720680
85.137360, 89.384483
86.917442, 87.469818
86.332253, 87.964844
86.397598, 88.594215
86.459167, 88.798805
86.482811, 91.600845
84.031944, 90.034576
83.215736, 90.162880
84.152451, 90.218315
84.585190, 91.355438
89.505348, 90.407227
89.090111, 90.735458
86.668961, 89.163040
86.656479, 88.818848
83.578568, 87.999947
83.167885, 88.553909
83.066025, 89.432434
82.189140, 89.196205
81.675095, 89.152481
82.339737, 90.315491
82.032310, 89.941895
82.215134, 91.051659
82.166161, 90.082314
83.995529, 87.453140
83.955215, 87.436874
84.001923, 88.761955
82.518585, 89.606697
83.185928, 89.999519
83.180428, 88.723587
81.523201, 88.746353
80.315018, 89.862190
79.220032, 90.267433
80.294968, 90.169937
81.738304, 89.536682
81.159866, 88.643181
81.263336, 89.031578
81.365883, 90.478195
81.402077, 90.379967
78.837982, 89.400322
76.932625, 88.995422
77.347824, 88.613449
75.909698, 88.222473
75.563660, 87.411316
77.115372, 88.286736
77.828438, 89.146263
78.490486, 89.263977
78.394272, 89.846588
81.995132, 89.048691
80.462692, 88.662567
77.554535, 88.542641
75.439354, 87.806984
74.070358, 87.870918
72.472633, 89.042511
74.229065, 90.044319
77.369865, 88.317184
77.191200, 87.982147
76.943367, 88.004066
76.925346, 88.538063
76.520096, 88.958694
76.203362, 90.032562
75.831841, 89.559227
75.226677, 89.017532
74.231140, 88.546463
73.430832, 88.670799
72.588936, 88.972122
71.805641, 88.729660
72.353172, 88.771202
74.862358, 88.009300
75.386108, 88.324463
75.789726, 88.938736
75.717461, 88.589073
72.561226, 88.171738
72.603180, 88.257324
71.830864, 88.618507
71.585365, 88.702377
72.591164, 88.522308
72.983208, 89.338692
73.996681, 89.302307
73.393417, 89.461990
73.274803, 88.879059
73.288002, 88.364601
73.824051, 88.899162
73.578308, 88.974945
73.037079, 87.721230
71.995712, 87.356155
71.327980, 88.181557
71.633163, 88.344078
71.544189, 88.541779
71.468018, 88.408875
71.659874, 88.127037
72.354446, 87.792801
71.946060, 87.172897
70.129120, 87.299004
70.347755, 88.434830
69.569092, 88.257889
68.976341, 87.865494
69.520889, 87.879379
68.609695, 87.869484
69.174103, 87.973106
67.913300, 89.245247
67.986839, 88.614937
68.728775, 87.863144
68.265190, 88.011948
68.683067, 88.177902
68.619865, 88.417274
68.110397, 88.734772
67.649544, 88.173721
68.433853, 87.901741
68.437691, 87.933563
68.111618, 89.384209
68.321419, 88.943825
66.855728, 89.177071
67.764885, 89.136879
68.958893, 89.082306
67.870567, 89.155502
67.556236, 89.205238
65.491814, 88.442421
63.605068, 87.819992
64.274712, 88.053688
64.262604, 88.767693
65.546257, 88.844650
66.329918, 88.688744
66.497490, 88.957413
66.467491, 89.379509
67.612030, 89.213760
67.902992, 88.928925
67.134605, 88.623199
64.703377, 88.128227
63.271656, 87.969513
63.906616, 88.460396
63.447323, 88.425835
64.260880, 87.111244
64.909721, 88.758064
64.858894, 89.947479
66.241852, 89.008789
65.296371, 90.008385
67.781166, 89.306152
66.747429, 88.489845
66.756271, 88.442879
63.812431, 88.561699
63.512852, 87.944374
63.859104, 88.217255
64.215233, 88.498657
63.912590, 88.390045
62.700214, 88.032150
61.568085, 87.484215
60.630489, 88.328888
61.385502, 89.428009
60.962246, 90.158127
60.444569, 90.770348
65.306000, 89.628922
65.314644, 89.625000
64.499031, 90.069107
64.338753, 89.898605
64.049255, 89.454720
60.304596, 88.870613
60.374954, 88.930695
61.293320, 89.133308
60.923458, 89.886169
60.769428, 90.142693
61.988987, 90.236549
63.679939, 89.977776
62.825722, 89.571342
62.658291, 89.074387
59.734409, 88.885361
58.813789, 89.210800
58.030537, 88.875664
58.200100, 89.076683
58.570663, 89.148582
60.105473, 88.625191
60.222183, 89.090851
60.243912, 89.684349
60.081120, 89.785912
59.303795, 88.593910
58.698044, 88.794983
57.223156, 88.630783
56.135803, 88.577911
56.721603, 88.517967
56.042381, 87.930382
57.116535, 89.269852
58.456337, 89.829567
58.394661, 89.360298
58.684982, 88.867760
57.931728, 89.054504
56.402332, 88.792389
55.559196, 88.813950
54.092247, 88.801506
5454.676556, 88.509109
54.745621, 88.811180
54.743771, 89.102348
54.865623, 89.221436
54.545471, 89.355721
56.929146, 88.984390
55.295380, 88.392029
55.297688, 88.824173
52.985207, 89.401344
52.727009, 88.965782
52.527996, 88.673935
52.571533, 88.865372
51.919823, 88.305862
52.486206, 88.778358
52.943062, 89.378677
53.157516, 89.597237
54.033981, 89.572517
54.022770, 88.907272
54.220230, 88.285332
53.200085, 88.507591
50.686966, 88.211861
50.977531, 88.104904
50.720627, 87.914223
50.273247, 88.261482
50.828854, 88.436432
51.788704, 89.031006
52.272114, 89.269516
52.369732, 88.579926
52.428143, 88.250130
51.483501, 88.783859
52.033466, 88.676247
50.536339, 88.386215
50.329506, 88.008896
49.797760, 87.706215
50.167515, 88.599709
51.138493, 88.694405
51.448788, 87.762665
51.234066, 87.803276
49.297012, 87.544151
47.021534, 87.822639
47.162258, 87.822388
48.378723, 87.486526
48.425945, 87.745071
49.581356, 87.593468
49.182510, 87.773972
48.786243, 88.083061
49.021126, 88.503738
48.533203, 88.477615
48.263863, 88.494675
47.404125, 88.944382
47.981674, 89.114639
47.585255, 88.152908
47.708752, 88.527229
47.013641, 88.934166
47.714981, 88.710625
47.732018, 88.839661
47.571751, 89.127167
46.880238, 89.008842
47.467529, 88.480339
48.193115, 88.315926
47.421436, 88.317070
47.546284, 88.030815
45.633873, 88.132172
44.904720, 87.546799
44.644840, 88.316040
45.208923, 88.364410
45.109287, 87.835426
46.225273, 88.728371
46.188530, 88.274284
46.062435, 87.923012
45.285030, 88.551064
44.754211, 88.448616
44.865231, 88.607895
45.086147, 88.484863
45.231762, 88.108910
44.471233, 88.651497
43.860901, 88.225456
43.532162, 88.446045
43.427757, 87.640144
43.653625, 88.031364
43.660847, 88.553978
43.189610, 88.790649
43.227512, 88.409729
43.390411, 88.305115
43.441490, 88.682426
42.880497, 87.739281
42.792126, 87.293335
42.945492, 88.156349
42.221649, 87.720757
42.872574, 87.709106
42.645660, 87.888901
42.907673, 87.453926
42.559944, 87.820160
41.774952, 87.660133
40.875160, 88.242844
40.226357, 88.403061
38.907726, 88.361176
37.651821, 86.851509
37.510075, 85.619637
38.240120, 86.027771
37.583542, 87.082085
39.389698, 88.207779
41.368099, 88.046204
42.499886, 87.874588
44.163357, 88.852051
43.324207, 89.280045
42.280537, 89.190468
41.008717, 89.550049
39.342716, 88.954498
38.486431, 88.470070
38.351402, 88.223961
39.243515, 87.828804
39.358364, 89.038315
39.851723, 88.874657
39.055298, 88.186378
38.700562, 87.789307
38.595573, 87.966614
37.994564, 89.241508
37.922104, 88.718391
36.703846, 88.551872
37.060055, 88.757164
37.233158, 88.810425
37.072205, 88.406960
37.893513, 88.619629
37.646790, 88.628479
37.096962, 88.265938
36.895473, 87.711624
36.568840, 87.899673
37.007534, 89.886086
36.792450, 90.007126
37.792770, 88.940559
36.902992, 88.870834
35.589497, 87.802177
35.055889, 87.990410
35.021362, 88.110474
35.231529, 87.869072
35.180927, 89.699982
35.801601, 88.994034
36.821449, 89.518341
36.626781, 89.927475
36.508022, 89.337181
33.872250, 88.162697
34.664383, 88.899033
35.538425, 88.898270
35.703087, 90.101181
35.470783, 89.753281
35.917351, 88.968292
35.182068, 88.885201
34.300102, 89.245926
33.328888, 89.150261
33.370777, 89.172188
34.647541, 88.931686
34.622959, 88.452644
35.847027, 88.900520
35.701870, 89.599709
35.000721, 89.361900
34.685482, 89.489326
33.926407, 89.434799
33.449383, 88.440575
33.062225, 88.009209
33.168484, 87.977928
32.424938, 88.067513
31.562183, 88.691978
31.960665, 88.670914
32.314568, 87.982452
32.044415, 87.627617
32.099724, 87.552414
32.631092, 87.351585
31.697063, 87.846283
32.486931, 88.376373
32.557209, 90.177383
32.340919, 88.758484
31.798473, 87.951553
31.167521, 86.901085
31.197842, 86.575333
28.205278, 87.134491
28.785933, 88.325378
29.141214, 88.867630
30.546848, 88.913727
31.315783, 89.371071
32.576935, 89.012482
32.184238, 88.904686
30.991663, 89.297882
29.155306, 88.710190
28.533970, 88.028465
28.245615, 87.733246
27.165768, 87.553886
27.249897, 87.624138
27.552441, 87.012070
28.329082, 86.417877
28.429960, 86.503540
29.526043, 86.627213
30.410334, 88.220726
30.542673, 88.928291
29.017216, 89.597710
27.297728, 89.317024
25.478388, 88.369110
25.283163, 87.816681
25.026346, 88.082977
24.916517, 88.104141
27.003960, 87.689362
27.912081, 87.569313
27.965910, 88.583328
27.921297, 88.421555
26.575169, 87.837685
26.057810, 87.445999
26.149717, 87.740128
26.265903, 87.748199
27.189024, 88.042725
27.936205, 88.026817
27.099083, 89.275467
26.306749, 88.509003
25.305103, 87.895340
25.802830, 87.537804
25.461271, 86.767555
24.708654, 86.396599
24.826357, 86.956276
23.706739, 87.273087
24.618395, 87.723083
24.174709, 87.935387
25.388090, 88.148331
25.313868, 89.465263
24.900675, 88.766266
24.411655, 88.004318
24.195740, 87.899040
24.390516, 86.292160
23.507725, 86.705353
23.141693, 87.529800
23.090599, 87.084892
22.585667, 87.140526
22.146141, 87.852699
21.966635, 87.824379
22.140036, 87.676460
22.800629, 88.364868
22.901016, 87.729515
22.471663, 87.323189
22.645960, 87.878456
22.711226, 87.593384
22.140753, 87.693947
21.297644, 87.749374
21.401718, 86.564270
21.178387, 86.331337
20.353941, 86.445717
20.217764, 85.875130
19.597261, 87.013870
20.718506, 86.955544
21.128523, 87.733757
21.544117, 87.881531
21.460506, 87.459663
20.961061, 87.260498
20.276850, 87.176651
20.034380, 85.766159
18.942854, 86.088501
19.685959, 86.152191
19.982143, 86.489479
19.663818, 86.692245
19.929913, 87.434166
18.931837, 88.046013
17.081764, 87.714622
15.759892, 87.067871
15.166324, 86.828293
15.589552, 86.724846
15.868153, 86.786697
16.327908, 87.092888
17.366114, 86.581726
18.237637, 85.991791
18.412060, 86.808716
17.547985, 87.233276
16.366707, 86.952011
14.630513, 87.203850
14.098890, 86.527542
13.966001, 86.287651
14.019073, 86.887154
15.448500, 86.309380
16.141800, 86.348480
16.984766, 86.279396
16.638477, 86.718758
16.003759, 86.519920
15.445224, 86.103828
14.536385, 86.401558
13.844019, 86.276268
13.442128, 86.532806
13.634396, 86.838531
14.044155, 85.915817
14.075927, 85.428574
13.508870, 86.119896
13.780021, 85.711136
13.577274, 85.921814
13.820390, 84.838356
13.210802, 85.338676
12.894337, 86.333740
12.797307, 86.458412
12.512404, 86.423988
12.533457, 85.799736
12.037122, 85.374954
11.827824, 84.773277
12.089706, 85.193512
12.988791, 84.656769
12.559964, 85.276077
11.788481, 85.044044
10.782144, 85.483444
10.509865, 86.297188
10.364180, 86.340820
10.667265, 86.742249
10.700777, 86.807365
 10.672912, 85.979385
10.812864, 85.390259
10.332351, 86.508560
10.213620, 86.199654
9.855244, 86.180595
10.446612, 86.270653
11.115023, 85.738548
11.249906, 85.975037
11.018456, 86.000671
9.898047, 86.968544
7.035684, 87.363701
6.865849, 86.540176
7.611155, 87.189583
9.953234, 85.751968
11.085288, 86.470268
11.958033, 86.760033
11.189225, 86.283241
10.256486, 86.806190
9.072482, 86.171631
7.788880, 86.016777
8.518669, 85.960762
7.659455, 88.508713
7.944430, 87.713921
8.009073, 86.529259
8.079432, 85.811813
7.934917, 85.511780
7.544770, 86.749611
8.248429, 85.806801
8.429456, 85.993858
7.805965, 86.010208
6.913579, 85.692459
5.031071, 86.189674
3.865052, 86.621201
4.131168, 86.497299
4.208714, 87.127037
5.692267, 87.187721
6.127981, 87.568733
6.340354, 87.095154
6.150799, 87.569778
6.650891, 86.925514
6.790729, 87.253311
6.459338, 87.044319
5.876346, 86.954681
5.570454, 86.448151
5.720976, 85.762177
5.130113, 86.067795
4.474146, 86.735512
4.784933, 86.480339
5.087807, 86.492699
4.659993, 86.569221
5.191440, 85.715042
5.142748, 85.281418
4.864283, 85.388939
4.199906, 85.871719
3.916623, 86.100731
2.997573, 87.117470
3.166561, 87.323120
3.600493, 87.304901
3.528345, 87.589485
2.996487, 87.772736
3.457163, 86.649429
4.482331, 85.533653
4.616596, 85.488739
4.262608, 86.170715
4.496653, 86.385338
4.355326, 86.684486
4.131673, 86.277519
5.131670, 84.869339
5.531462, 84.656227
3.877069, 86.768074
2.478310, 87.821793
2.201161, 87.868500
4.287078, 86.660744
4.801199, 87.629753
4.095774, 89.136200
2.859035, 88.504288
2.464223, 87.547073
5.015231, 85.448143
9.049471, 81.775436
5.769468, 84.786919
3.711832, 86.701706
3.555926, 86.836601
4.207369, 86.257523
4.745172, 85.668953
3.974748, 86.672714
4.587440, 86.362350
4.677444, 86.904877
5.398501, 86.687042
5.994464, 85.372826
5.706820, 85.091682
5.919734, 84.424377
4.745633, 85.577942
4.501498, 86.547287
5.762564, 86.109299
6.508966, 85.834885
6.412188, 86.072144
5.935611, 86.367294
4.216158, 87.619858
3.706501, 87.120811
3.842065, 86.432426
2.916907, 87.369324
3.200789, 87.242104
3.683429, 86.974426
4.442908, 86.588623
4.393127, 87.559433
4.988569, 87.555885
6.965060, 86.030937
8.268851, 86.297844
6.842366, 87.411919
4.729094, 88.816856
3.532730, 89.386780
2.296801, 89.753555
2.755005, 89.065323
5.109282, 86.754379
6.331652, 86.909286
7.132230, 86.617020
5.578526, 86.328865
4.635154, 85.732758
4.526620, 85.506798
2.812593, 87.521866
4.227288, 88.539543
8.679805, 88.785988
10.688962, 88.361938
11.180918, 86.529808
8.023645, 86.051865
4.196836, 88.269058
3.719745, 87.572525
5.099100, 86.830620
7.484943, 86.429947
8.749692, 86.853104
8.962152, 87.291985
8.076058, 87.136009
6.841543, 86.750900
5.102447, 87.351074
3.899512, 88.346542
4.384990, 88.076653
5.841358, 88.196457
7.904684, 87.635330
9.803949, 86.882446
10.548704, 86.224716
9.615153, 86.123627
7.619617, 86.518883
6.426968, 86.945992
6.595167, 87.212593
6.625555, 87.497536
6.214707, 88.798447
5.696738, 89.747673
6.598147, 88.194435
7.820336, 86.919731
7.935373, 87.785309
8.700823, 86.964027
9.105397, 86.340836
9.410856, 86.403465
9.466651, 86.020844
8.576694, 86.388573
5.737889, 89.637398
7.613930, 89.731735
10.629414, 87.120583
13.177651, 85.581352
13.634329, 85.646179
11.841957, 86.043411
10.350492, 87.465141
8.643037, 88.021896
8.559039, 87.531860
9.066854, 88.281944
10.210563, 87.749382
11.762403, 86.321266
11.110678, 87.121407
9.869433, 87.452019
7.967408, 88.801147
7.555087, 87.763657
8.853600, 86.996986
10.151099, 87.195847
10.684988, 87.830971
10.335766, 87.759995
9.649375, 88.073158
10.467158, 87.315475
11.973573, 86.295151
13.086460, 85.962349
13.086103, 86.112480
12.535212, 87.179321
11.944124, 87.877182
11.817215, 87.102722
10.801010, 87.455902
10.835904, 87.062149
11.292806, 87.174217
12.026192, 87.587021
12.237079, 87.062035
11.676686, 86.463570
11.313113, 86.710686
11.510321, 86.801170
11.865396, 87.325439
12.093127, 87.493538
12.336765, 86.630669
11.371463, 86.803375
10.125541, 87.575287
10.436829, 87.086777
11.503428, 86.990387
12.837208, 86.482292
12.968398, 86.418312
11.776342, 87.337776
10.808106, 86.968498
10.442743, 87.420692
11.478504, 87.518578
12.821308, 87.061562
13.735978, 87.048775
13.148366, 87.120117
11.969869, 86.827988
10.793551, 86.623871
10.344956, 86.283867
10.208659, 87.108635
11.162330, 86.679504
12.182305, 86.534019
12.632151, 87.858887
12.812560, 88.769577
12.652168, 87.493614
11.379224, 86.455551
9.259999, 86.740639
7.949632, 86.658195
7.256265, 86.694992
7.537621, 87.880859
9.430529, 88.751976
11.983379, 87.976837
13.961011, 86.262634
14.000612, 85.445351
11.960312, 86.248291
10.167234, 86.019043
8.340071, 85.915421
6.738641, 86.478279
4.872550, 88.728088
4.926217, 88.817169
5.673352, 88.571991
7.734241, 87.411728
8.822123, 87.107986
9.769317, 86.475296
10.907050, 84.669395
11.053999, 84.088600
9.188273, 86.848213
7.931261, 88.116745
7.085103, 86.922554
6.815156, 86.244736
5.897316, 87.568985
5.797688, 87.496017
5.822450, 87.055656
5.697937, 89.565697
8.444480, 85.806694
8.372673, 85.674911
7.298040, 85.271515
6.123196, 85.802071
4.510665, 86.382278
2.422862, 88.135529
1.902824, 88.831627
3.224814, 87.577942
4.080840, 87.101059
4.358518, 86.102303
4.562569, 85.621086
3.716244, 86.432556
4.878214, 85.340515
4.352981, 85.892517
3.146632, 86.951759
3.990398, 86.034203
4.884699, 85.129456
2.178902, 87.846596
4.323108, 86.240952
5.763833, 85.497871
6.525272, 84.828712
5.906204, 84.986359
5.520482, 84.510155
4.558675, 85.839127
5.286991, 86.167511
5.428987, 87.493423
4.670127, 89.063400
4.641823, 87.084038
5.003655, 85.635178
4.085552, 86.178284
3.995329, 86.418266
4.676130, 86.195091
5.636470, 86.187462
6.967483, 85.808800
7.819678, 85.505127
7.921481, 85.623024
7.474745, 86.535355
6.729744, 87.562477
6.407165, 87.937027
6.354353, 87.483147
5.922914, 88.436089
6.125562, 87.711075
7.254441, 86.279129
7.677172, 86.178680
8.451866, 85.984970
9.370819, 85.375511
9.322014, 85.992531
9.237402, 87.489006
8.834361, 87.880997
8.960135, 86.169456
9.202008, 85.794960
8.927139, 86.748199
8.727157, 88.108284
8.307558, 87.683533
8.879470, 85.923096
10.350446, 85.973778
12.265484, 85.962730
12.133352, 86.952019
11.675315, 87.450806
10.982646, 86.770210
10.331186, 87.125435
9.813843, 86.803421
10.060840, 85.990883
10.197612, 85.482140
11.274780, 85.747658
13.710365, 86.584274
14.442693, 86.211555
14.369721, 88.382988
13.769902, 87.818466
13.107555, 86.699104
13.628032, 85.743782
13.212863, 86.163521
13.475278, 86.420517
14.191161, 86.704559
13.965315, 86.239502
13.513265, 85.999649
13.412667, 86.240135
13.911000, 86.462692
14.833541, 85.696075
15.687712, 86.914474
16.775517, 88.098228
17.692347, 88.224556
18.634062, 88.676018
17.800917, 88.010513
16.822876, 86.535652
16.098639, 86.313789
16.419014, 86.146736
17.949358, 86.642601
19.250410, 85.640068
20.802359, 86.502914
20.871227, 85.807823
20.944067, 85.501617
20.212912, 87.348236
20.327469, 88.678253
20.372484, 88.986206
20.403385, 88.018036
20.874300, 87.426987
21.723049, 87.277351
21.836506, 86.989029
22.228436, 86.888275
23.075199, 86.530678
23.549707, 87.406952
24.305628, 87.225227
22.731298, 87.127136
21.883644, 86.821144
21.183371, 86.657593
21.966417, 85.674530
23.745869, 85.290939
24.959560, 86.745224
26.366096, 86.617180
27.408424, 88.023186
27.581116, 89.295296
23.828098, 86.145622
22.497841, 85.879272
22.168358, 86.551193
23.728292, 86.817596
25.890238, 86.330559
27.352434, 86.730324
28.835524, 86.723091
29.074774, 87.537308
27.769081, 87.700287
27.001287, 87.027138
26.878893, 87.738213
26.955614, 88.417503
26.823715, 87.467743
27.015491, 86.918640
26.888433, 87.445740
27.215490, 87.328613
27.262066, 87.041336
27.454153, 86.876770
28.959757, 87.544594
28.121359, 86.595711
27.434643, 87.542877
26.572483, 87.658554
26.577847, 87.188637
28.253843, 87.363068
29.392849, 87.946465
30.701591, 87.093002
31.364279, 87.221222
32.354618, 87.796227
33.266804, 89.335098
33.053272, 88.863083
33.468117, 89.208603
31.293985, 88.797829
31.072689, 86.914795
29.682108, 86.690575
30.261326, 87.706703
31.662708, 88.279945
33.061245, 89.031868
33.769989, 89.969772
36.521152, 89.026772
37.426636, 88.604614
38.746929, 88.865448
38.150169, 89.891228
37.747200, 90.413773
36.700638, 90.787933
35.537327, 89.460716
35.544014, 88.532166
35.050900, 88.577583
35.275421, 88.349121
36.271339, 88.343834
37.358166, 89.397522
37.771931, 89.279739
38.418125, 89.724831
38.513836, 90.546608
37.746094, 90.791367
40.175255, 89.649048
39.280403, 89.230682
39.309013, 90.060219
40.110043, 88.450630
40.748219, 88.823174
42.194874, 89.362793
43.038727, 89.751015
42.421429, 89.229050
42.420364, 90.081390
42.157887, 89.070206
42.126865, 89.440338
41.372154, 90.243568
42.033676, 90.000687
43.844360, 88.876556
45.148998, 89.233658
45.732399, 91.154808
45.608780, 91.221245
44.957325, 90.730080
46.342175, 90.434868
45.775574, 90.151733
44.694286, 89.824661
43.993893, 89.934044
42.638348, 90.708496
43.046242, 89.519066
44.290661, 89.853859
45.012020, 90.115105
45.812496, 90.653114
46.549915, 91.467056
45.983757, 90.185219
46.817719, 89.827667
46.298866, 90.931961
45.861401, 90.344246
44.383278, 90.193016
44.878269, 89.554939
45.323269, 90.238136
46.544907, 91.256203
46.637070, 90.514389
46.684605, 90.521301
45.585026, 91.443581
44.452568, 90.469368
43.815968, 89.153313
43.421543, 89.610062
44.718079, 90.773560
45.665062, 90.746071
47.949482, 90.207085
49.508717, 92.290489
49.451096, 93.848686
48.355122, 91.253670
47.867783, 91.471848
46.697773, 91.088531
45.937656, 90.783539
47.235664, 90.459152
48.381832, 92.516006
50.614243, 91.676308
50.914165, 92.202957
51.570045, 91.974876
51.519836, 92.665039
51.106831, 92.521347
50.676064, 91.963333
50.385551, 91.773827
50.610733, 92.241089
51.435314, 91.645439
51.978905, 90.218178
51.958885, 90.295792
51.993389, 89.604294
52.504612, 90.418205
54.382530, 92.584610
55.771221, 92.802116
56.846939, 91.487236
57.038609, 90.429169
55.882977, 89.597519
52.856087, 89.915802
53.323154, 89.807793
52.675831, 90.412270
53.409256, 90.755600
55.507320, 90.463005
57.450939, 89.064926
56.356293, 90.216507
57.360298, 90.416351
58.020092, 90.873711
57.129940, 89.851227
56.115448, 89.381142
56.529766, 91.648346
57.276043, 91.028877
57.466389, 90.485374
58.717472, 91.061760
60.108467, 90.701538
60.069599, 90.553001
60.552536, 91.701485
60.936775, 91.774109
60.344910, 90.714409
61.107483, 92.279884
61.019867, 91.122810
60.589062, 91.914070
60.769142, 93.172539
61.201653, 92.245743
60.008572, 90.498756
59.051765, 89.634018
57.973576, 88.850922
57.768700, 89.024269
58.538479, 90.156944
59.884457, 91.777824
62.283375, 90.671318
63.219696, 89.846016
63.047844, 90.201347
62.225872, 89.678001
60.687748, 89.353935
60.229492, 89.950745
59.173508, 90.517891
60.210556, 89.021759
60.945881, 89.180374
62.170944, 90.116364
62.550587, 89.998169
62.587200, 90.402184
64.777489, 90.929283
64.107582, 90.220070
63.716225, 88.673149
64.612762, 88.544655
63.327816, 90.523796
64.184227, 90.570854
65.236923, 90.071037
66.492867, 90.978844
66.553017, 90.283310
66.859947, 87.517136
65.523361, 88.296951
64.598557, 90.281067
64.305290, 89.796875
63.684040, 89.253380
64.820419, 89.995621
65.108322, 88.685753
66.348076, 88.917374
66.964279, 89.295280
67.069939, 90.151230
68.144653, 91.233925
69.338425, 90.016815
68.870064, 88.785049
68.623299, 89.580864
69.095886, 89.720726
69.881844, 89.664146
70.325401, 90.124344
70.783852, 90.216652
70.087105, 89.300423
69.895973, 89.838211
70.279541, 90.538467
72.258171, 89.823486
71.405380, 89.937462
70.361191, 88.450157
71.351456, 89.199203
72.318329, 91.242416
73.187859, 91.074646
74.016289, 88.749313
73.839485, 89.388641
74.021156, 91.131096
75.589462, 91.583420
76.414429, 90.287010
77.066963, 89.583763
77.341843, 89.573547
77.720795, 89.279419
77.981049, 90.365273
77.888870, 91.259407
77.901886, 90.555115
78.720268, 90.043068
78.086067, 90.383621
78.074150, 90.510101
77.087608, 89.956406
77.827011, 89.820389
78.842438, 90.316559
78.683868, 90.867081
79.366653, 90.690269
78.816040, 89.531029
77.374519, 89.344597
78.155724, 90.995102
79.707138, 91.359695
80.249580, 90.571602
80.207069, 89.421280
79.665115, 89.984169
79.795631, 91.325912
80.341652, 90.618202
80.813484, 90.057274
80.604622, 90.925751
80.772766, 90.471977
80.788521, 90.482407
81.815430, 91.501434
81.180695, 90.473206
80.516541, 90.762215
81.080872, 91.881729
83.397087, 90.464928
82.881470, 89.589027
82.397720, 91.258690
81.580116, 90.561523
82.898872, 91.101334
83.580971, 90.426224
83.575447, 90.768127
84.464256, 91.675415
84.789963, 91.066917
86.335709, 90.786232
84.872223, 91.494843
85.287872, 91.303398
85.247391, 91.281685
85.235100, 91.160339
86.051506, 90.491783
85.970078, 90.925774
87.183792, 91.810730
86.687439, 91.693382
87.747520, 91.450478
87.475594, 90.121979
87.641823, 90.910789
88.487984, 90.841316
88.294373, 90.012337
88.686661, 90.215385
87.461586, 91.101837
88.613770, 90.639717
88.414597, 90.353561
88.659554, 91.634567
88.626007, 91.879112
88.586235, 91.512733
92.703217, 91.652458
91.420303, 91.391296
90.789658, 89.955536
89.933426, 90.483208
90.241608, 91.026543
91.061119, 90.659248
91.852478, 91.416946
92.454498, 91.389671
92.115845, 91.230095
93.493462, 90.273590
92.968658, 90.735008
93.796936, 91.572998
94.071724, 91.064781
94.051025, 91.969566
95.422371, 91.575058
95.086479, 90.978638
95.008728, 91.400230
94.944069, 90.543320
94.740883, 90.947021
94.553604, 91.527367
94.574432, 91.021660
94.632317, 91.212723
95.864372, 91.008316
96.561104, 91.254532
97.102043, 91.151436
97.360992, 91.215538
97.709541, 91.063545
97.647491, 91.219223
97.773590, 91.548210
97.766937, 91.185570
97.940742, 91.424240
97.651001, 91.447525
97.276520, 90.252823
97.008904, 90.896461
98.093369, 91.086723
97.969032, 91.180809
98.124390, 91.745537
98.847343, 91.458443
98.889648, 91.475922
99.738281, 91.709900
99.494095, 91.231461
100.414688, 91.215706
101.199326, 92.172859
101.129326, 92.124031
101.652458, 91.807846
101.845497, 91.901222
101.848099, 92.143570
101.691750, 91.690376
101.955757, 92.013344
100.159134, 90.644638
100.033165, 91.134933
100.933983, 91.219612
101.774803, 90.981285
102.218750, 91.619148
103.116928, 92.162857
102.943886, 91.965782
103.709328, 90.896935
103.857552, 91.341034
102.913551, 91.227852
101.471016, 91.176666
102.974510, 91.124031
105.203529, 91.352211
105.555038, 90.723267
104.337112, 91.108315
104.732506, 91.581818
104.929893, 91.565933
106.251320, 91.255951
106.563477, 91.166443
106.366226, 90.310059
106.742111, 91.556450
106.049416, 91.335007
107.505852, 90.946053
107.330551, 91.264778
107.157875, 89.626656
108.097466, 90.607224
107.215378, 90.943474
108.007645, 90.350670
107.192856, 89.990738
107.579857, 89.343559
107.397240, 89.291161
107.376129, 90.058876
107.679352, 90.483139
107.397835, 90.699669
109.456657, 90.597801
109.031563, 90.228287
110.100128, 89.695961
109.836456, 90.113800
109.844948, 90.235916
110.280663, 90.469101
110.343147, 89.464035
110.290955, 90.080360
110.086639, 90.312950
110.986687, 90.375206
111.742073, 90.818718
111.715714, 91.301796
111.915497, 90.565536
110.161636, 90.746223
110.196060, 91.043167
112.499283, 91.767159
112.585869, 90.827103
113.844513, 90.338028
113.171371, 90.252869
112.946831, 89.787796
112.817261, 90.454277
112.258347, 91.285637
111.969124, 90.900246
112.861252, 91.302094
113.284714, 90.603966
114.029076, 90.368080
113.010017, 90.979584
113.979210, 90.706596
114.300346, 89.914024
114.652550, 90.295708
114.560471, 91.007736
115.284691, 91.027161
115.226471, 90.944481
114.689980, 90.935364
114.866768, 90.562836
113.179253, 91.101784
113.988731, 90.963318
114.284279, 88.857567
116.660011, 89.273460
116.807800, 89.910378
118.358238, 88.651337
117.550873, 89.530342
116.324860, 89.530983
116.989540, 89.438957
116.961189, 89.966125
115.890724, 88.833527
116.820274, 89.728065
116.663612, 89.486626
117.755524, 88.564148
117.015823, 89.059624
116.944504, 89.284256
117.204102, 89.602753
118.114731, 89.723770
117.971107, 89.737503
118.551514, 89.250168
118.999352, 89.684143
119.099731, 89.661469
120.997818, 89.750351
120.940018, 89.869881
121.245117, 89.314034
120.225082, 89.109398
119.699600, 89.822464
119.635330, 89.733604
120.407494, 89.203453
119.068047, 89.132065
119.487923, 89.119270
119.449043, 89.677299
119.220192, 89.814865
122.779007, 90.005203
122.874741, 89.848068
123.283936, 89.909576
123.701057, 90.101883
122.723442, 89.220779
121.522423, 89.081223
120.991249, 89.354591
122.527237, 89.337120
122.655571, 89.517128
123.327850, 89.989784
123.453819, 89.168098
124.198036, 89.787476
123.408203, 89.989563
124.040710, 89.823334
122.673363, 89.701241
124.007675, 89.002129
123.812309, 89.323975
125.160568, 89.729660
125.210144, 88.931427
124.710579, 90.517296
124.544685, 88.995506
124.245338, 89.558952
123.798492, 90.145370
123.834976, 89.289825
122.398720, 90.200325
124.025459, 89.307259
123.751076, 88.838768
124.591377, 89.361336
125.323891, 88.751503
124.962738, 89.384544
125.583138, 89.664055
125.683464, 88.839867
125.955925, 89.402657
125.675842, 89.200729
125.430344, 88.124557
124.879288, 88.840088
124.802841, 88.846123
126.042274, 89.418785
126.362404, 89.291321
126.245392, 88.952576
125.981171, 89.402962
127.197319, 89.699852
127.105339, 89.453178
127.774277, 88.998108
127.040428, 89.848351
127.840286, 89.744987
127.852859, 88.904022
128.380890, 89.460220
126.777893, 89.042809
127.163628, 88.373627
127.249725, 89.069458
127.948509, 88.990273
127.563972, 88.923950
126.998436, 89.582794
127.305130, 89.553810
127.993515, 89.177063
128.744202, 89.318047
128.754761, 89.237534
129.258789, 89.126556
128.462296, 89.074509
128.411743, 88.474266
127.938759, 88.706390
128.865555, 88.687904
129.133041, 88.792473
129.391052, 88.919548
129.819244, 88.535912
129.582489, 88.478378
131.136368, 88.527527
130.580582, 88.937477
130.189072, 88.571136
129.770752, 88.978195
131.017853, 89.255486
132.267075, 88.337685
132.098251, 87.513130
130.906906, 88.372643
130.166321, 88.042786
130.975647, 88.314873
131.325897, 89.447578
131.358276, 88.709892
132.775513, 88.728752
133.693436, 88.864220
131.145554, 87.836876
130.086823, 87.542671
133.545258, 89.113190
132.672867, 88.137703
132.188782, 88.604904
134.000473, 88.825905
133.869156, 87.346497
134.692734, 87.867661
134.034515, 88.024796
 135.072952, 88.165054
134.869827, 87.900711
134.437469, 87.214378
133.819839, 87.756142
133.210114, 87.598099
133.125137, 88.636086
135.667709, 88.715363
135.994904, 88.351158
136.419815, 88.143227
134.566895, 87.239540
133.766296, 87.872055
135.094040, 87.357391
135.296570, 87.443153
134.723618, 88.058266
135.601242, 87.347000
135.043106, 88.615845
135.755783, 88.416275
135.041122, 88.016968
136.472748, 86.772667
135.529083, 87.347206
135.596329, 86.761391
135.179367, 86.599205
134.795547, 88.042503
136.808350, 88.184708
137.499344, 88.107376
137.714050, 88.355858
137.360291, 88.177589
136.687912, 87.355431
136.530533, 87.927711
137.766647, 87.370438
137.450272, 87.163223
138.013596, 86.508415
138.280640, 87.294098
138.672318, 87.763985
137.643478, 86.869713
137.451874, 87.016724
138.104401, 86.705559
139.461807, 87.044983
139.280502, 86.978668
138.638336, 86.513687
138.467407, 86.578156
138.166840, 86.855492
137.655640, 86.842979
138.981064, 87.356750
139.187622, 87.459862
13139.547653, 87.527901
140.956589, 87.393364
140.201294, 87.460114
140.297256, 87.834442
141.041504, 87.757645
139.752426, 87.201790
139.323196, 86.534126
140.599152, 86.909836
141.161484, 86.644173
141.370178, 87.290794
140.435730, 86.632126
139.027039, 87.704956
139.483719, 87.587875
138.564926, 86.778297
140.235306, 87.420128
142.111755, 86.890678
143.220840, 87.379646
142.715637, 86.607635
140.915588, 87.231033
140.805771, 87.359451
140.685501, 87.529839
141.517456, 87.192795
141.410507, 87.554474
141.123734, 87.592377
141.814117, 86.459290
142.841064, 87.076408
142.421829, 87.107018
141.717514, 86.844559
141.964294, 87.376160
141.715836, 86.355721
141.493149, 87.125259
142.208740, 87.208046
142.400024, 86.702362
141.549210, 86.585884
141.795441, 86.544952
142.439407, 87.414871
142.450455, 86.894875
142.394043, 86.023262
141.973663, 86.672859
142.034714, 87.099182
141.948395, 86.098427
141.919952, 86.902145
142.123642, 86.831650
142.871902, 86.424911
142.644379, 86.480766
144.044418, 85.868210
143.867554, 85.881325
143.821487, 86.368073
144.067261, 86.496689
143.413284, 86.532967
143.676239, 86.763771
143.337326, 86.410721
142.963058, 86.473236
143.038086, 86.110458
143.536179, 85.517464
143.674500, 86.269279
144.928955, 86.006042
144.355682, 85.866783
142.834930, 86.156952
141.884277, 85.333702
143.644974, 86.822350
144.946625, 86.797318
146.022690, 86.422874
145.639389, 86.831100
144.977341, 86.226540
144.792145, 86.873177
145.578430, 87.325226
145.105423, 86.542313
145.170227, 86.516884
146.097336, 86.541252
145.590118, 86.261414
143.787582, 86.147552
144.426193, 85.598618
145.050034, 86.459938
146.819427, 85.679298
147.166534, 86.363220
146.423752, 85.662254
146.365479, 85.869507
145.514954, 86.030075
145.036652, 86.664055
145.343948, 86.153481
145.480850, 86.312485
146.727219, 86.123070
147.030304, 86.162430
147.279984, 85.986710
147.360901, 86.107567
146.588333, 86.263519
146.806213, 86.450836
145.875870, 86.259552
145.668549, 86.485336
146.295334, 86.246407
146.936462, 86.488503
147.312714, 86.685921
147.819565, 86.443802
147.367493, 86.817223
148.121338, 86.693367
147.165161, 86.320580
146.211365, 86.424728
147.008759, 85.416595
146.666779, 85.804733
146.600235, 87.431480
146.856323, 86.761063
147.801300, 88.041405
149.193054, 87.870369
150.669922, 87.735222
150.418793, 88.061272
150.053391, 86.129921
148.380173, 86.080101
146.465317, 85.973473
147.576126, 87.049599
148.582031, 86.941284
149.613037, 86.822433
148.850937, 86.995430
149.061432, 86.428253
147.939987, 86.532608
146.690170, 87.284187
150.269608, 85.972786
150.769424, 87.024605
150.450439, 87.366379
149.564453, 86.994362
148.823807, 87.553650
148.993500, 87.786613
149.488586, 87.363869
150.964218, 87.087334
151.521530, 87.346100
151.484192, 86.979568
150.452179, 86.748230
150.117279, 86.975006
149.647934, 87.418114
149.415115, 87.423668
149.989700, 87.286140
150.390930, 87.575989
151.188034, 87.862671
150.510193, 87.207451
150.537857, 86.773544
150.457535, 87.251114
150.455917, 87.251114
150.083160, 87.104988
149.960083, 87.157951
151.482544, 87.435493
151.157669, 86.794891
151.000732, 87.460022
1151.290283, 87.760834
151.969803, 87.244576
151.072998, 86.568771
151.358307, 87.256401
151.361542, 87.242935
151.115021, 87.049103
151.313538, 87.013077
153.493378, 86.975998
155.838104, 87.840065
155.766479, 87.585068
153.756195, 87.946869
151.167099, 87.201775
150.300888, 88.256142
151.029953, 87.957664
152.545486, 87.391724
153.891647, 88.234383
154.466125, 87.846878
153.738770, 87.431274
153.398941, 87.407616
153.961304, 87.263199
154.829346, 87.745766
155.134277, 88.301331
154.065216, 87.973183
152.686996, 88.011200
152.023834, 88.219299
152.969574, 87.525223
153.265488, 87.313835
154.280838, 87.424240
154.473404, 86.873428
154.986725, 87.740044
154.068710, 88.581039
153.209152, 88.208305
152.869110, 88.312424
153.015762, 88.352234
153.795609, 88.069199
154.228012, 87.319351
154.823959, 88.030266
155.396011, 86.778580
154.422684, 87.501801
153.352051, 87.734962
152.767288, 87.699554
154.195724, 87.923836
154.839386, 88.273392
154.606506, 87.755440
155.435318, 87.629753
155.786285, 87.341606
156.005508, 87.748474
156.129868, 87.819710
155.243729, 87.914635
154.816772, 87.809586
154.475021, 87.927391
154.404144, 87.742256
155.060257, 88.048065
156.089310, 88.284271
155.935715, 88.164223
155.836288, 87.830757
155.455551, 87.538841
154.987885, 87.438271
155.423477, 87.627357
156.630203, 87.701157
156.849808, 87.460464
156.229309, 87.305000
156.188049, 87.917824
156.425232, 88.238403
156.090820, 87.975502
156.253922, 87.884537
156.044571, 88.018593
156.017853, 87.782860
156.215805, 87.554367
156.519592, 87.840828
157.151596, 87.655373
157.401230, 87.314545
156.691574, 87.064987
157.864334, 87.863960
158.059235, 87.488037
156.904572, 87.323547
156.751724, 87.715622
156.995651, 87.670898
157.205063, 87.687508
157.247467, 88.193497
158.197189, 87.378067
158.135574, 87.484261
157.001892, 87.495819
157.239868, 87.992592
158.759430, 87.820290
158.555054, 87.450729
158.361435, 87.382568
157.122635, 87.439087
156.409134, 87.763588
158.092010, 87.421867
159.681519, 87.256752
160.481689, 87.476364
160.614288, 87.455055
159.409561, 87.644096
156.572617, 86.926010
156.762115, 86.634514
159.648010, 86.634346
159.426132, 86.915947
158.735901, 87.574364
158.353760, 87.447083
158.796829, 87.233315
158.022476, 87.135834
157.803848, 87.616898
158.768524, 87.490639
159.934113, 87.641129
160.742477, 87.870224
159.652451, 87.117729
159.049225, 87.610367
159.889801, 87.298531
158.954269, 86.779861
158.094543, 87.401489
158.758926, 88.239647
158.052124, 87.414658
160.415161, 88.115616
161.221802, 87.602478
161.588196, 87.125351
160.311478, 87.305038
161.247879, 87.387932
162.565628, 86.828217
163.951447, 86.222824
162.684631, 87.159630
159.894882, 86.832710
159.741196, 87.119301
159.056625, 86.982040
162.700089, 87.637398
163.226761, 87.313408
162.548492, 86.763603
161.705063, 87.024269
161.072357, 86.309677
160.930939, 86.857742
161.840988, 87.267258
161.037949, 87.235626
160.995514, 87.383385
161.481918, 87.296921
163.407028, 87.009285
163.524292, 86.822289
161.964249, 87.355110
160.828522, 87.886879
161.026306, 87.236824
162.272720, 87.530640
163.438446, 87.373001
163.367249, 87.178955
162.825974, 86.548836
163.796219, 86.070763
161.351349, 86.082916
163.021301, 86.848045
164.527435, 87.029037
164.775330, 86.747635
164.005341, 86.827766
163.941849, 86.909447
164.183640, 86.622543
163.209473, 86.626556
163.068039, 87.304092
166.204376, 86.460945
165.639099, 86.071922
166.142426, 88.004105
165.687653, 86.290649
164.430313, 87.471146
165.235214, 87.492355
165.270432, 86.617241
165.164978, 87.738907
166.319199, 87.606171
167.708008, 88.087738
167.640945, 87.146996
166.529999, 87.172897
165.240295, 87.518578
164.962280, 87.058838
165.402115, 87.012505
165.658585, 87.078979
166.267975, 87.103355
166.328140, 86.804428
166.385529, 87.034355
166.297867, 87.142151
165.899048, 87.249596
166.018311, 86.839851
166.347000, 87.250801
166.088242, 87.983887
164.032822, 86.791451
163.600281, 84.277718
167.066315, 90.508438
170.111496, 86.269348
171.112381, 87.635002
173.920929, 86.962654
172.899033, 86.656357
168.199203, 86.890511
167.911072, 87.662025
168.780380, 86.669640
168.643845, 86.952309
169.016144, 87.337097
170.709747, 87.058258
171.076706, 86.306351
169.910568, 85.853432
168.904724, 86.402580
169.596146, 88.319618
168.944244, 85.635597
167.986496, 86.826332
167.312027, 87.635208
166.314987, 87.430023
166.960480, 87.467018
167.240051, 86.895035
168.052353, 86.602692
168.154739, 86.496643
167.170364, 86.251732
166.339905, 86.235512
165.415649, 86.725861
164.929642, 86.813377
165.337494, 86.297119
166.976913, 86.473480
168.931686, 86.940186
169.086456, 87.155785
167.268082, 87.228653
166.464722, 86.873688
166.015320, 86.869194
167.110199, 87.229240
168.049927, 86.746170
169.019852, 86.962234
168.815384, 86.997047
167.973328, 86.943214
166.702881, 87.059357
166.943649, 86.718208
167.358170, 87.135223
168.025558, 87.108162
167.919342, 86.856232
166.813919, 86.816589
166.018600, 86.821968
165.540100, 87.427940
165.137146, 87.169556
164.737762, 86.883316
163.931274, 86.194099
163.204666, 86.489067
161.778412, 86.283264
163.776520, 86.099731
165.070938, 87.184334
163.593628, 86.119324
161.500290, 84.984795
157.117844, 86.948273
154.918762, 85.043190
152.110031, 85.228477
151.225845, 86.238663
151.559235, 86.016960
150.099808, 82.486031
147.333893, 86.028786
145.620071, 86.587914
145.559845, 86.382896
144.467087, 86.061409
146.535812, 86.368622
148.928940, 86.065529
148.161194, 86.363190
142.802750, 85.303658
140.249176, 85.847168
136.056458, 85.459000
132.948380, 85.809517
131.326767, 84.411659
128.988892, 85.000130
128.943375, 85.951317
129.507416, 85.435074
130.153992, 84.764618
129.459488, 84.420578
130.507446, 86.764984
131.441391, 87.189919
132.103699, 86.911285
131.495132, 86.692108
130.610992, 86.832542
127.734055, 86.901543
126.621986, 86.531624
123.873657, 87.910133
123.736115, 89.477409
124.162872, 87.012238
122.344360, 86.284851
121.178391, 84.978325
120.201012, 86.022812
117.900330, 86.678474
116.892532, 88.178391
117.972755, 88.598732
118.618935, 87.919067
117.793648, 86.078384
116.591690, 85.452171
116.523895, 85.641113
115.993011, 85.757515
115.179100, 85.941139
114.227417, 85.640945
114.334007, 86.919937
114.717300, 87.762718
114.601295, 87.205803
112.230446, 86.919762
112.540321, 86.792587
112.284187, 86.711319
112.152336, 86.369247
112.722130, 86.622536
113.099716, 86.521553
114.631660, 87.178932
116.980797, 87.435738
119.293243, 86.362923
122.856194, 87.257027
124.657524, 88.993149
128.907730, 90.074104
127.054008, 89.259842
126.141411, 89.486801
122.713890, 88.811684
119.959190, 89.790718
127.120781, 89.772812
128.247467, 88.966362
130.358063, 89.028984
132.678085, 89.657951
134.449310, 89.477325
133.899414, 89.156044
127.555161, 88.503326
123.280754, 86.558174
120.704247, 85.262398
114.697823, 84.711777
112.324852, 85.518539
115.085693, 86.100822
116.658623, 86.724319
118.837540, 86.587585
122.737167, 85.742050
123.326180, 83.929268
115.337700, 83.195053
113.226685, 82.878212
111.052528, 83.963913
109.935822, 86.095009
111.476532, 86.247589
112.331413, 86.902008
112.353592, 88.321167
113.951035, 87.315300
115.350510, 86.937050
116.450577, 87.210815
118.618965, 87.203621
120.201225, 88.075439
122.084412, 89.540810
121.200455, 88.839043
120.564018, 88.880379
118.261314, 88.637589
118.318626, 88.453629
119.508049, 88.409714
123.783028, 88.209808
125.639305, 88.859299
127.920792, 89.535812
130.102310, 89.443260
127.662262, 89.612923
124.881218, 89.136497
121.911217, 88.353050
120.137276, 88.484802
120.018143, 88.178703
119.925278, 87.603645
117.347649, 87.356239
115.864838, 86.206665
117.119347, 86.264854
119.273712, 86.871773
118.245041, 85.795906
122.370552, 85.620895
112.509132, 82.884628
107.509277, 81.590126
103.981155, 83.099258
103.078163, 82.874199
108.022293, 84.165756
107.320915, 85.574005
109.300140, 85.555374
109.408348, 85.594353
110.260979, 85.075340
111.884178, 86.252975
114.731255, 85.970947
118.210770, 88.745354
114.867378, 88.716438
113.663490, 88.786270
115.047913, 88.977943
115.020058, 89.191513
115.513237, 89.683136
126.439217, 89.346825
127.920914, 89.696732
129.123398, 89.557678
126.334892, 89.711899
125.305618, 90.140503
127.618011, 89.692078
128.785828, 89.708275
127.647041, 89.575165
124.729485, 89.792671
120.813835, 89.059372
118.487999, 87.685303
117.473236, 89.033478
8.154930, 88.659897
119.484818, 88.612228
121.708023, 87.837982
121.981445, 86.629196
121.117729, 86.114792
122.891037, 83.451355
107.392662, 80.802299
101.465500, 79.300034
98.254417, 80.774132
97.612320, 80.959106
3940, 81.678711
102.828178, 83.837982
103.199089, 85.692108
109.040939, 85.157761
107.756874, 87.274712
106.647255, 86.965240
105.772545, 87.076111
105.819199, 87.238899
106.476913, 87.736473
108.976563, 87.799362
115.216209, 87.880760
117.365662, 88.330620
118.890503, 89.898506
119.452927, 90.922791
115.616997, 89.013084
111.645042, 88.055878
110.027191, 88.708969
114.071625, 89.182892
113.899849, 89.673836
114.622833, 89.848625
125.261536, 90.235016
127.103790, 90.869392
129.009705, 89.554329
129.904312, 89.885544
130.078339, 89.485596
128.103683, 89.775291
125.859604, 89.371445
123.212326, 88.914886
120.887421, 88.096809
123.356209, 88.465675
123.632950, 88.525131
124.285072, 88.073883
123.132095, 87.426628
122.743927, 87.638840
120.096840, 87.372437
120.591835, 87.141365
120.428917, 86.243820
117.341057, 87.195534
117.344017, 87.562248
119.317566, 87.184425
119.573647, 84.457542
110.987022, 82.746346
107.560509, 81.679893
105.989349, 82.102310
104.038651, 83.730583
104.299263, 83.957771
103.715996, 85.385475
105.112419, 86.073257
107.485466, 86.211700
109.310295, 87.020317
108.572830, 87.071297
108.451622, 85.968597
106.920532, 86.575523
106.518944, 88.456963
107.033714, 86.581818
108.589752, 86.710213
109.797745, 86.454399
115.432930, 87.247513
119.087822, 90.425728
116.021477, 89.624168
114.698296, 89.159065
115.179344, 89.259857
116.563217, 90.332382
116.210854, 90.121483
121.981911, 89.744514
124.768066, 89.787140
124.765381, 90.103470
121.263397, 89.727844
118.854210, 90.129822
119.562050, 88.892120
120.306198, 87.699532
117.969116, 87.667252
116.269257, 87.667801
114.124184, 86.884003
116.620071, 89.238289
117.914230, 89.756584
118.034943, 88.475677
119.820183, 87.702576
112.100449, 86.563370
112.773186, 84.322273
103.882454, 83.691002
102.142036, 85.096077
103.214691, 86.644836
104.375999, 86.585327
104.549934, 86.224136
104.679001, 86.618111
105.213982, 86.808334
105.344368, 86.575531
105.118195, 86.268784
103.756744, 87.286476
101.981857, 87.558067
101.801003, 87.319748
103.532959, 87.077576
104.071655, 87.214417
104.358566, 87.150841
102.383575, 86.814964
102.941750, 86.205139
102.748390, 86.015526
100.936607, 86.496170
99.789581, 87.283234
100.197792, 87.178299
99.012703, 86.687248
99.583000, 86.879341
98.292984, 85.983498
98.425941, 87.170891
97.942856, 88.223587
97.416405, 87.021683
97.484230, 88.249718
98.556519, 88.488197
97.718941, 88.576164
98.407112, 88.497284
96.295158, 86.175301
96.296471, 86.312775
93.504120, 88.363983
95.113625, 88.653755
94.910973, 87.760368
95.601868, 87.409332
96.335968, 87.509613
95.958183, 89.203346
93.232513, 87.029305
93.291962, 86.611198
91.586380, 87.893188
93.298225, 88.710052
92.830490, 87.422768
92.885719, 87.993652
93.614952, 87.170364
93.655373, 87.069870
91.349342, 87.198730
89.259819, 87.800072
88.787964, 87.675606
87.170624, 88.062080
87.024055, 87.561562
89.447891, 86.347977
88.840607, 86.306107
89.294861, 86.746208
88.465965, 87.351318
88.668144, 87.864670
87.789955, 87.863731
85.973648, 87.741653
87.132614, 87.651939
86.563065, 88.254105
88.995033, 87.493767
88.363892, 86.172989
88.651222, 86.123436
88.753181, 87.309616
84.235939, 87.374939
84.056648, 87.378517
83.683472, 87.531441
83.831482, 88.232452
86.119980, 87.225685
85.812462, 86.611237
83.870773, 87.251648
84.759483, 86.796844
84.931648, 87.266693
83.360909, 87.604561
81.848930, 87.595436
83.213982, 87.137924
83.300423, 87.399139
85.059921, 86.871674
 82.548912, 86.012901
81.920853, 86.280563
80.954239, 85.992355
80.881760, 87.672417
82.915962, 88.905907
84.355682, 89.961609
85.367813, 89.044167
85.727089, 88.750969
83.709030, 87.430016
 77.601151, 84.777885
75.353477, 87.352318
76.835846, 89.365204
76.477196, 91.047623
80.899841, 92.958664
85.777397, 93.252686
85.444138, 93.140068
85.514420, 91.696190
85.421600, 91.431534
82.992455, 88.988304
82.459106, 88.845512
81.268295, 88.419609
77.816818, 95.939529
90.643997, 96.553169
84.378410, 53.012527
74.738647, 102.799835
97.744911, 89.100754
99.332100, 86.033180
99.181496, 87.054222
89.915901, 87.955574
90.313568, 87.474236
86.230019, 94.105087
91.153229, 90.640282
90.808838, 90.337692
89.963730, 90.143684
89.931854, 90.566826
92.409531, 90.239761
92.701111, 90.102959
90.225288, 90.189598
90.099724, 90.208641
90.171089, 90.266640
90.170067, 90.527336
90.155525, 91.004501
90.124321, 90.961052
90.161469, 89.958130
90.162422, 89.664543
89.993492, 89.823418
89.890526, 90.622734
88.228447, 91.283684
88.488579, 90.717842
90.358978, 91.201935
91.510628, 87.065514
91.763168, 89.719528
89.754799, 90.259964
90.212982, 90.218033
90.241737, 90.199631
90.082993, 90.161568
90.089989, 90.309662
90.086601, 90.292885
90.086411, 90.255783
90.086853, 90.272972
90.090111, 90.279572
90.193069, 90.194397
90.171021, 90.155838
90.170364, 90.205261
90.170906, 90.216095
90.141953, 90.281075
90.147469, 90.296638
90.170029, 90.255287
90.170593, 90.276115
90.170670, 90.235924
90.176743, 90.241882
90.106255, 90.282288
90.196693, 90.174751
90.202477, 90.257500
90.150925, 90.306816
90.112076, 90.315033
90.080803, 90.226662
90.099480, 90.174751
90.147667, 90.212799
90.151100, 90.233093
90.231827, 90.270195
90.219002, 90.230507
90.183029, 90.241386
90.183441, 90.191521
90.099457, 90.141106
90.093376, 90.276131
90.134712, 90.310768
90.167549, 90.249619
90.154419, 90.276733
90.138206, 90.230278
90.199463, 90.278084
90.173843, 90.141609
90.180595, 90.178795
90.189941, 90.167786
90.189407, 90.257835
90.189575, 90.308479
90.190239, 90.275696
90.190071, 90.339218
90.189934, 90.305527
90.190010, 90.225044
90.189758, 90.301971
90.212639, 90.170425
90.186882, 90.258881
90.141472, 90.263794
90.196625, 90.184723
90.099564, 90.161415
90.099617, 90.339417
90.106201, 90.235260
90.106400, 90.302536
90.144432, 90.212929
90.170631, 90.235878
90.045197, 90.137375
90.125443, 90.197388
90.141441, 90.186470
90.141258, 90.155945
90.141304, 90.236725
90.163811, 90.316330
90.153999, 90.283005
90.215561, 90.253853
90.141487, 90.236938
90.218681, 90.273735
90.231361, 90.249283
90.179878, 90.298790
90.144569, 90.246712
90.145424, 90.200760
90.119415, 90.265244
90.099686, 90.218666
90.063972, 90.213196
90.173630, 90.252251
90.173935, 90.205612
90.235268, 90.179680
90.118996, 90.258110
90.102745, 90.262016
90.270546, 90.245110
90.018799, 90.188202
90.170616, 90.192177
90.071297, 90.240616
90.164024, 90.222504
90.154633, 90.149361
90.154961, 90.186783
90.153961, 90.313217
90.193596, 90.141510
90.202759, 90.204102
90.202927, 90.153946
90.125549, 90.321693
90.141518, 90.260483
90.141632, 90.297516
90.144966, 90.257240
 90.190048, 90.231804
90.167198, 90.222298
90.176521, 90.349205
90.158203, 90.129623
90.157822, 90.122284
90.106453, 90.191902
90.138359, 90.227104
90.150917, 90.226151
90.170555, 90.232422
90.170319, 90.185013
90.176933, 90.269012
90.192642, 90.217300
90.150703, 90.326767
90.164070, 90.145233
90.164154, 90.262970

